time,3 hours,,6 hours,,12 hours,,24 hours,
trz conc.,mean,SEM,mean,SEM,mean,SEM,mean,SEM
0.001,0,2.549167502,6.6,3.48,13.00512,2.426911,15.86655,2.66894
0.01,1.123875943,2.177451589,12,1.63,26.63163,2.816426,34.78579,3.086793
0.1,2.125752469,1.704674729,18,1.56,37.79317,3.28878,49.53304,3.969762
1,7.0125378,2.769576574,24.2,1.25,47.84323,2.271916,71.19549,3.374315
