time,3 hours,,6 hours,,12 hours,,24 hours,
trz conc.,mean,SEM,mean,SEM,mean,SEM,mean,SEM
0.001,2.267465,2.018163034,5.8,1.89,10.55739,3.647794,15.28284,6.086857
0.01,6.39265,3.910094762,15.8,3.14,28.07219,6.157162,43.93997,8.432425
0.1,8.48751,4.645193748,22.3,2.14,41.11979,5.427845,57.57024,8.647582
1,9.26955,6.647337696,30.1,2.76,47.94135,4.322681,70.97494,7.267066
